event,URL,lat,long,icon,key_text
Tangle is hawt!,https://www.facebook.com/tangledanglemangle/photos/a.366612516810022/621735934631011/?type=3,-39.254923,175.565647,Tangle,happy times:)
No coffee????,https://www.facebook.com/tangledanglemangle/photos/a.366612516810022/624487117689226/?type=3,-38.881027,175.678626,Dangle,sad times :(
Mountain explodes!,https://www.facebook.com/tangledanglemangle/photos/a.366612516810022/623177814486823/?type=3&theater,-39.138715,175.516184,Tangle,happy times:)
So much snow!,https://www.facebook.com/tangledanglemangle/photos/a.366612516810022/622793957858542/?type=3,-39.237031,175.558341,Tangle,happy times:)
Wat dis???,https://www.facebook.com/tangledanglemangle/photos/a.366612516810022/624096504394954/?type=3&theater,-38.582441,175.772362,Tangle,happy times:)
More dragons!!,https://www.facebook.com/tangledanglemangle/photos/a.366612516810022/624011034403501/?type=3&theater,-38.087071,176.190959,Tangle,happy times:)
Dangle so pretty!,https://www.facebook.com/tangledanglemangle/photos/a.366612516810022/623719421099329/?type=3&theater,-39.073997,175.663587,Tangle,happy times:)
Wow so many circles!,https://www.facebook.com/tangledanglemangle/photos/a.366612516810022/623633371107934/?type=3&theater,-39.339334,175.378773,Tangle,happy times:)
dragon poo!!!,https://www.facebook.com/tangledanglemangle/photos/a.366612516810022/622533304551274/?type=3&theater,-38.414352,175.783967,Tangle,happy times:)
dragons!,https://www.facebook.com/tangledanglemangle/photos/a.366612516810022/622442211227050/?type=3&theater,-38.415419,175.790702,Tangle,happy times:)
so scenic!,https://www.facebook.com/tangledanglemangle/photos/a.366612516810022/621679337970004/?type=3&theater,-39.252347,175.564993,Tangle,happy times:)
great views,https://www.facebook.com/tangledanglemangle/photos/a.366612516810022/621445974660007/?type=3&theater,-39.310985,175.516248,Tangle,happy times:)
Tangle and Dangle play in snow!!!,https://youtu.be/BR3Zq948f4k,-39.254113,175.564171,Tangle,happy times:)
chairlift!,https://www.instagram.com/p/BzuBJerBBNH/,-39.24263,175.559527,Tangle,happy times:)
